
{
    "pageId": 3,
    "pageSize": 50,
    "recordCount": 8635,
    "recordCountTotal": 8635,
    "results": [
      {
        "id": 10558,
        "siteId": 5979,
        "date": "2023-03-09",
        "changeType": "ADD",
        "siteStatus": "OPEN",
        "siteName": "Hualien - Park Road, Taiwan",
        "regionId": 102,
        "region": "Asia Pacific",
        "countryId": 133,
        "country": "Taiwan",
        "dateFormatted": "Thu, Mar 9 2023"
      },
      {
        "id": 10557,
        "siteId": 5570,
        "date": "2023-03-09",
        "changeType": "UPDATE",
        "siteStatus": "OPEN",
        "siteName": "Landquart, Switzerland",
        "regionId": 101,
        "region": "Europe",
        "countryId": 106,
        "country": "Switzerland",
        "dateFormatted": "Thu, Mar 9 2023"
      },
      {
        "id": 10556,
        "siteId": 5978,
        "date": "2023-03-09",
        "changeType": "ADD",
        "siteStatus": "PERMIT",
        "siteName": "Houston - Kipling Street, TX",
        "regionId": 100,
        "region": "North America",
        "countryId": 100,
        "country": "USA",
        "dateFormatted": "Thu, Mar 9 2023"
      },
      {
        "id": 10555,
        "siteId": 5977,
        "date": "2023-03-09",
        "changeType": "ADD",
        "siteStatus": "OPEN",
        "siteName": "Zhangjiagang - Shopping Park, China",
        "regionId": 102,
        "region": "Asia Pacific",
        "countryId": 115,
        "country": "China",
        "dateFormatted": "Thu, Mar 9 2023"
      },
      {
        "id": 10554,
        "siteId": 5976,
        "date": "2023-03-08",
        "changeType": "UPDATE",
        "siteStatus": "CONSTRUCTION",
        "siteName": "Port Alberni, BC",
        "regionId": 100,
        "region": "North America",
        "countryId": 101,
        "country": "Canada",
        "dateFormatted": "Wed, Mar 8 2023"
      },
      {
        "id": 10553,
        "siteId": 5976,
        "date": "2023-03-08",
        "changeType": "ADD",
        "siteStatus": "PERMIT",
        "siteName": "Port Alberni, BC",
        "regionId": 100,
        "region": "North America",
        "countryId": 101,
        "country": "Canada",
        "dateFormatted": "Wed, Mar 8 2023"
      },
      {
        "id": 10552,
        "siteId": 1131,
        "date": "2023-03-08",
        "changeType": "UPDATE",
        "siteStatus": "OPEN",
        "siteName": "Weston, WV",
        "regionId": 100,
        "region": "North America",
        "countryId": 100,
        "country": "USA",
        "dateFormatted": "Wed, Mar 8 2023"
      },
      {
        "id": 10551,
        "siteId": 4139,
        "date": "2023-03-08",
        "changeType": "UPDATE",
        "siteStatus": "OPEN",
        "siteName": "Newhall, CA",
        "regionId": 100,
        "region": "North America",
        "countryId": 100,
        "country": "USA",
        "dateFormatted": "Wed, Mar 8 2023"
      },
      {
        "id": 10550,
        "siteId": 5479,
        "date": "2023-03-08",
        "changeType": "UPDATE",
        "siteStatus": "CONSTRUCTION",
        "siteName": "Angers, France",
        "regionId": 101,
        "region": "Europe",
        "countryId": 110,
        "country": "France",
        "dateFormatted": "Wed, Mar 8 2023"
      },
      {
        "id": 10549,
        "siteId": 5972,
        "date": "2023-03-08",
        "changeType": "ADD",
        "siteStatus": "OPEN",
        "siteName": "Changchun - Beihu Wuyue Plaza, China",
        "regionId": 102,
        "region": "Asia Pacific",
        "countryId": 115,
        "country": "China",
        "dateFormatted": "Wed, Mar 8 2023"
      },
      {
        "id": 10548,
        "siteId": 5365,
        "date": "2023-03-08",
        "changeType": "UPDATE",
        "siteStatus": "OPEN",
        "siteName": "Mondovì, Italy",
        "regionId": 101,
        "region": "Europe",
        "countryId": 113,
        "country": "Italy",
        "dateFormatted": "Wed, Mar 8 2023"
      },
      {
        "id": 10547,
        "siteId": 4419,
        "date": "2023-03-08",
        "changeType": "UPDATE",
        "siteStatus": "OPEN",
        "siteName": "Teruel, Spain",
        "regionId": 101,
        "region": "Europe",
        "countryId": 117,
        "country": "Spain",
        "dateFormatted": "Wed, Mar 8 2023"
      },
      {
        "id": 10546,
        "siteId": 5971,
        "date": "2023-03-07",
        "changeType": "ADD",
        "siteStatus": "PERMIT",
        "siteName": "Austin - E SH-71, TX",
        "regionId": 100,
        "region": "North America",
        "countryId": 100,
        "country": "USA",
        "dateFormatted": "Tue, Mar 7 2023"
      },
      {
        "id": 10545,
        "siteId": 4251,
        "date": "2023-03-07",
        "changeType": "UPDATE",
        "siteStatus": "OPEN",
        "siteName": "Saco, ME",
        "regionId": 100,
        "region": "North America",
        "countryId": 100,
        "country": "USA",
        "dateFormatted": "Tue, Mar 7 2023"
      },
      {
        "id": 10544,
        "siteId": 4565,
        "date": "2023-03-07",
        "changeType": "UPDATE",
        "siteStatus": "OPEN",
        "siteName": "McLeansville, NC",
        "regionId": 100,
        "region": "North America",
        "countryId": 100,
        "country": "USA",
        "dateFormatted": "Tue, Mar 7 2023"
      },
      {
        "id": 10543,
        "siteId": 5407,
        "date": "2023-03-07",
        "changeType": "UPDATE",
        "siteStatus": "CLOSED_TEMP",
        "siteName": "Quincy, WA",
        "regionId": 100,
        "region": "North America",
        "countryId": 100,
        "country": "USA",
        "dateFormatted": "Tue, Mar 7 2023"
      },
      {
        "id": 10542,
        "siteId": 5941,
        "date": "2023-03-07",
        "changeType": "UPDATE",
        "siteStatus": "CONSTRUCTION",
        "siteName": "Vernon, CT",
        "regionId": 100,
        "region": "North America",
        "countryId": 100,
        "country": "USA",
        "dateFormatted": "Tue, Mar 7 2023"
      },
      {
        "id": 10541,
        "siteId": 5970,
        "date": "2023-03-07",
        "changeType": "ADD",
        "siteStatus": "OPEN",
        "siteName": "Shanghai - Jiading Poly Yuehuo City, China",
        "regionId": 102,
        "region": "Asia Pacific",
        "countryId": 115,
        "country": "China",
        "dateFormatted": "Tue, Mar 7 2023"
      },
      {
        "id": 10540,
        "siteId": 5969,
        "date": "2023-03-06",
        "changeType": "ADD",
        "siteStatus": "PERMIT",
        "siteName": "New Kent, VA",
        "regionId": 100,
        "region": "North America",
        "countryId": 100,
        "country": "USA",
        "dateFormatted": "Mon, Mar 6 2023"
      },
      {
        "id": 10539,
        "siteId": 5321,
        "date": "2023-03-06",
        "changeType": "UPDATE",
        "siteStatus": "CONSTRUCTION",
        "siteName": "Virginia Beach - Lynnhaven Pkwy, VA",
        "regionId": 100,
        "region": "North America",
        "countryId": 100,
        "country": "USA",
        "dateFormatted": "Mon, Mar 6 2023"
      },
      {
        "id": 10538,
        "siteId": 5968,
        "date": "2023-03-06",
        "changeType": "ADD",
        "siteStatus": "CONSTRUCTION",
        "siteName": "Southaven, MS",
        "regionId": 100,
        "region": "North America",
        "countryId": 100,
        "country": "USA",
        "dateFormatted": "Mon, Mar 6 2023"
      },
      {
        "id": 10537,
        "siteId": 5959,
        "date": "2023-03-06",
        "changeType": "UPDATE",
        "siteStatus": "CONSTRUCTION",
        "siteName": "Burlington - Marketplace Dr, WA",
        "regionId": 100,
        "region": "North America",
        "countryId": 100,
        "country": "USA",
        "dateFormatted": "Mon, Mar 6 2023"
      },
      {
        "id": 10536,
        "siteId": 4551,
        "date": "2023-03-06",
        "changeType": "UPDATE",
        "siteStatus": "CONSTRUCTION",
        "siteName": "Le Touquet, France",
        "regionId": 101,
        "region": "Europe",
        "countryId": 110,
        "country": "France",
        "dateFormatted": "Mon, Mar 6 2023"
      },
      {
        "id": 10535,
        "siteId": 5967,
        "date": "2023-03-05",
        "changeType": "ADD",
        "siteStatus": "OPEN",
        "siteName": "Oi Matsuda, Japan",
        "regionId": 102,
        "region": "Asia Pacific",
        "countryId": 114,
        "country": "Japan",
        "dateFormatted": "Sun, Mar 5 2023"
      },
      {
        "id": 10534,
        "siteId": 4414,
        "date": "2023-03-05",
        "changeType": "UPDATE",
        "siteStatus": "CONSTRUCTION",
        "siteName": "Greding, Germany",
        "regionId": 101,
        "region": "Europe",
        "countryId": 103,
        "country": "Germany",
        "dateFormatted": "Sun, Mar 5 2023"
      },
      {
        "id": 10533,
        "siteId": 5483,
        "date": "2023-03-04",
        "changeType": "UPDATE",
        "siteStatus": "CONSTRUCTION",
        "siteName": "Charleston, SC",
        "regionId": 100,
        "region": "North America",
        "countryId": 100,
        "country": "USA",
        "dateFormatted": "Sat, Mar 4 2023"
      },
      {
        "id": 10532,
        "siteId": 5949,
        "date": "2023-03-04",
        "changeType": "UPDATE",
        "siteStatus": "CONSTRUCTION",
        "siteName": "Russell, KS",
        "regionId": 100,
        "region": "North America",
        "countryId": 100,
        "country": "USA",
        "dateFormatted": "Sat, Mar 4 2023"
      },
      {
        "id": 10531,
        "siteId": 5965,
        "date": "2023-03-04",
        "changeType": "ADD",
        "siteStatus": "PERMIT",
        "siteName": "Atascadero - El Camino Real, CA",
        "regionId": 100,
        "region": "North America",
        "countryId": 100,
        "country": "USA",
        "dateFormatted": "Sat, Mar 4 2023"
      },
      {
        "id": 10530,
        "siteId": 5964,
        "date": "2023-03-04",
        "changeType": "ADD",
        "siteStatus": "PERMIT",
        "siteName": "Paso Robles - Riverside Ave, CA",
        "regionId": 100,
        "region": "North America",
        "countryId": 100,
        "country": "USA",
        "dateFormatted": "Sat, Mar 4 2023"
      },
      {
        "id": 10529,
        "siteId": 4857,
        "date": "2023-03-04",
        "changeType": "UPDATE",
        "siteStatus": "CONSTRUCTION",
        "siteName": "San Javier (San Pedro del Pinatar), Spain",
        "regionId": 101,
        "region": "Europe",
        "countryId": 117,
        "country": "Spain",
        "dateFormatted": "Sat, Mar 4 2023"
      },
      {
        "id": 10528,
        "siteId": 5963,
        "date": "2023-03-04",
        "changeType": "ADD",
        "siteStatus": "PERMIT",
        "siteName": "Delray Beach - W Atlantic Ave, FL",
        "regionId": 100,
        "region": "North America",
        "countryId": 100,
        "country": "USA",
        "dateFormatted": "Sat, Mar 4 2023"
      },
      {
        "id": 10527,
        "siteId": 5962,
        "date": "2023-03-04",
        "changeType": "ADD",
        "siteStatus": "PERMIT",
        "siteName": "Miami - Blue Lagoon Dr, FL",
        "regionId": 100,
        "region": "North America",
        "countryId": 100,
        "country": "USA",
        "dateFormatted": "Sat, Mar 4 2023"
      },
      {
        "id": 10526,
        "siteId": 5961,
        "date": "2023-03-04",
        "changeType": "ADD",
        "siteStatus": "PERMIT",
        "siteName": "Hollywood, FL",
        "regionId": 100,
        "region": "North America",
        "countryId": 100,
        "country": "USA",
        "dateFormatted": "Sat, Mar 4 2023"
      },
      {
        "id": 10525,
        "siteId": 5675,
        "date": "2023-03-04",
        "changeType": "UPDATE",
        "siteStatus": "OPEN",
        "siteName": "West Chester, PA",
        "regionId": 100,
        "region": "North America",
        "countryId": 100,
        "country": "USA",
        "dateFormatted": "Sat, Mar 4 2023"
      },
      {
        "id": 10524,
        "siteId": 5960,
        "date": "2023-03-03",
        "changeType": "ADD",
        "siteStatus": "CONSTRUCTION",
        "siteName": "New Stanton, PA",
        "regionId": 100,
        "region": "North America",
        "countryId": 100,
        "country": "USA",
        "dateFormatted": "Fri, Mar 3 2023"
      },
      {
        "id": 10523,
        "siteId": 5959,
        "date": "2023-03-03",
        "changeType": "ADD",
        "siteStatus": "PERMIT",
        "siteName": "Burlington - Marketplace Dr, WA",
        "regionId": 100,
        "region": "North America",
        "countryId": 100,
        "country": "USA",
        "dateFormatted": "Fri, Mar 3 2023"
      },
      {
        "id": 10522,
        "siteId": 5958,
        "date": "2023-03-03",
        "changeType": "ADD",
        "siteStatus": "CONSTRUCTION",
        "siteName": "Lewisburg, WV",
        "regionId": 100,
        "region": "North America",
        "countryId": 100,
        "country": "USA",
        "dateFormatted": "Fri, Mar 3 2023"
      },
      {
        "id": 10521,
        "siteId": 5674,
        "date": "2023-03-03",
        "changeType": "UPDATE",
        "siteStatus": "CONSTRUCTION",
        "siteName": "Grapevine - E Northwest Hwy, TX",
        "regionId": 100,
        "region": "North America",
        "countryId": 100,
        "country": "USA",
        "dateFormatted": "Fri, Mar 3 2023"
      },
      {
        "id": 10520,
        "siteId": 5957,
        "date": "2023-03-03",
        "changeType": "ADD",
        "siteStatus": "CONSTRUCTION",
        "siteName": "Harderwijk, Netherlands",
        "regionId": 101,
        "region": "Europe",
        "countryId": 104,
        "country": "Netherlands",
        "dateFormatted": "Fri, Mar 3 2023"
      },
      {
        "id": 10519,
        "siteId": 5956,
        "date": "2023-03-03",
        "changeType": "ADD",
        "siteStatus": "CONSTRUCTION",
        "siteName": "Swansea, UK",
        "regionId": 101,
        "region": "Europe",
        "countryId": 108,
        "country": "United Kingdom",
        "dateFormatted": "Fri, Mar 3 2023"
      },
      {
        "id": 10518,
        "siteId": 5955,
        "date": "2023-03-03",
        "changeType": "ADD",
        "siteStatus": "CONSTRUCTION",
        "siteName": "Le Bosc, France",
        "regionId": 101,
        "region": "Europe",
        "countryId": 110,
        "country": "France",
        "dateFormatted": "Fri, Mar 3 2023"
      },
      {
        "id": 10517,
        "siteId": 5954,
        "date": "2023-03-03",
        "changeType": "ADD",
        "siteStatus": "OPEN",
        "siteName": "Chengdu - Jianyang Tianfu International Hotel, China",
        "regionId": 102,
        "region": "Asia Pacific",
        "countryId": 115,
        "country": "China",
        "dateFormatted": "Fri, Mar 3 2023"
      },
      {
        "id": 10516,
        "siteId": 5953,
        "date": "2023-03-03",
        "changeType": "ADD",
        "siteStatus": "OPEN",
        "siteName": "Shanghai - Lefang Yushan Life Plaza, China",
        "regionId": 102,
        "region": "Asia Pacific",
        "countryId": 115,
        "country": "China",
        "dateFormatted": "Fri, Mar 3 2023"
      },
      {
        "id": 10515,
        "siteId": 5544,
        "date": "2023-03-03",
        "changeType": "UPDATE",
        "siteStatus": "OPEN",
        "siteName": "Zaventem, Belgium",
        "regionId": 101,
        "region": "Europe",
        "countryId": 112,
        "country": "Belgium",
        "dateFormatted": "Fri, Mar 3 2023"
      },
      {
        "id": 10514,
        "siteId": 5952,
        "date": "2023-03-03",
        "changeType": "ADD",
        "siteStatus": "OPEN",
        "siteName": "Atsugi, Japan",
        "regionId": 102,
        "region": "Asia Pacific",
        "countryId": 114,
        "country": "Japan",
        "dateFormatted": "Fri, Mar 3 2023"
      },
      {
        "id": 10513,
        "siteId": 5686,
        "date": "2023-03-02",
        "changeType": "UPDATE",
        "siteStatus": "CONSTRUCTION",
        "siteName": "Framingham - 130 Worcester Rd, MA",
        "regionId": 100,
        "region": "North America",
        "countryId": 100,
        "country": "USA",
        "dateFormatted": "Thu, Mar 2 2023"
      },
      {
        "id": 10512,
        "siteId": 4794,
        "date": "2023-03-02",
        "changeType": "UPDATE",
        "siteStatus": "OPEN",
        "siteName": "Plano - W Spring Creek Pkwy, TX",
        "regionId": 100,
        "region": "North America",
        "countryId": 100,
        "country": "USA",
        "dateFormatted": "Thu, Mar 2 2023"
      },
      {
        "id": 10511,
        "siteId": 5744,
        "date": "2023-03-02",
        "changeType": "UPDATE",
        "siteStatus": "CONSTRUCTION",
        "siteName": "Rehoboth Beach - Coastal Hwy, DE",
        "regionId": 100,
        "region": "North America",
        "countryId": 100,
        "country": "USA",
        "dateFormatted": "Thu, Mar 2 2023"
      },
      {
        "id": 10510,
        "siteId": 5951,
        "date": "2023-03-02",
        "changeType": "ADD",
        "siteStatus": "PERMIT",
        "siteName": "Førde, Norway",
        "regionId": 101,
        "region": "Europe",
        "countryId": 105,
        "country": "Norway",
        "dateFormatted": "Thu, Mar 2 2023"
      },
      {
        "id": 10509,
        "siteId": 2768,
        "date": "2023-03-02",
        "changeType": "UPDATE",
        "siteStatus": "CLOSED_PERM",
        "siteName": "Jinji Lake - Kempinski Hotel, China",
        "regionId": 102,
        "region": "Asia Pacific",
        "countryId": 115,
        "country": "China",
        "dateFormatted": "Thu, Mar 2 2023"
      }
    ]
  }